"agegroup","totalemployees","attritioncount","attritionrate"
"18-30","386","100","25.906735751295333"
"51+","143","18","12.587412587412588"
"31-40","619","85","13.731825525040387"
"41-50","322","34","10.559006211180124"
